probe_id,ref_id,score,label,probe_lighting,ref_lighting,lighting_diff
01,01,0.8293749656140971,genuine,102.01476846545206,137.33700769687093,35.32223923141886
01,02,0.846872123719877,impostor,102.01476846545206,173.83831669280892,71.82354822735685
01,03,0.8004678841803096,impostor,102.01476846545206,146.75617358429858,44.741405118846515
01,04,0.9174034305743399,impostor,102.01476846545206,168.2737887859958,66.25902032054374
01,05,0.7849293770613579,impostor,102.01476846545206,155.65046917732465,53.63570071187259
01,06,0.8458012859650484,impostor,102.01476846545206,205.3580634903877,103.34329502493564
01,07,0.7612791014816411,impostor,102.01476846545206,141.45686471907172,39.44209625361965
01,08,0.7069748054048048,impostor,102.01476846545206,168.53897075088486,66.52420228543279
01,09,0.9071868930025044,impostor,102.01476846545206,147.5887157386181,45.57394727316604
01,10,0.38090479085979734,impostor,102.01476846545206,145.35335600667628,43.338587541224214
01,11,0.7147476844021173,impostor,102.01476846545206,144.17764953848945,42.16288107303738
01,12,0.7768668646537078,impostor,102.01476846545206,153.76536106418922,51.75059259873716
01,13,0.7024649884803453,impostor,102.01476846545206,147.17490774814993,45.16013928269787
01,14,0.8616634392036802,impostor,102.01476846545206,200.581597641168,98.56682917571594
01,15,0.7015589902973774,impostor,102.01476846545206,192.01160500623385,89.99683654078179
01,16,0.5380895282434278,impostor,102.01476846545206,171.2618262095801,69.24705774412804
01,17,0.918649676154588,impostor,102.01476846545206,116.8074569407577,14.792688475305638
01,18,0.9053178352839244,impostor,102.01476846545206,148.78046950410234,46.76570103865028
01,19,0.7753484526026038,impostor,102.01476846545206,144.25578773527994,42.24101926982787
01,20,0.9115253634351125,impostor,102.01476846545206,172.96585110501127,70.9510826395592
01,21,0.7216706569710918,impostor,102.01476846545206,155.7674826053732,53.75271413992114
01,22,0.736368641650975,impostor,102.01476846545206,138.64956111245172,36.63479264699966
01,23,0.8267938109267301,impostor,102.01476846545206,163.59818789213324,61.583419426681175
01,24,0.8732141434519507,impostor,102.01476846545206,205.6733945161679,103.65862605071582
01,25,0.8902524772031792,impostor,102.01476846545206,183.71952986747914,81.70476140202707
01,26,0.9300948993218602,impostor,102.01476846545206,166.15842872727637,64.14366026182431
02,01,0.6636738386610596,impostor,103.59655274694337,137.33700769687093,33.74045494992755
02,02,0.781524081778283,genuine,103.59655274694337,173.83831669280892,70.24176394586554
02,03,0.6491736874466343,impostor,103.59655274694337,146.75617358429858,43.159620837355206
02,04,0.7204278822109826,impostor,103.59655274694337,168.2737887859958,64.67723603905243
02,05,0.6440647662702711,impostor,103.59655274694337,155.65046917732465,52.05391643038128
02,06,0.7515429227188594,impostor,103.59655274694337,205.3580634903877,101.76151074344433
02,07,0.6348476581997335,impostor,103.59655274694337,141.45686471907172,37.86031197212834
02,08,0.610209540247901,impostor,103.59655274694337,168.53897075088486,64.94241800394148
02,09,0.7447853192450764,impostor,103.59655274694337,147.5887157386181,43.99216299167473
02,10,0.4833713124837224,impostor,103.59655274694337,145.35335600667628,41.756803259732905
02,11,0.6133878904360393,impostor,103.59655274694337,144.17764953848945,40.581096791546074
02,12,0.6409320025505192,impostor,103.59655274694337,153.76536106418922,50.16880831724585
02,13,0.6081922748878026,impostor,103.59655274694337,147.17490774814993,43.57835500120656
02,14,0.775183195911654,impostor,103.59655274694337,200.581597641168,96.98504489422463
02,15,0.6075438759369143,impostor,103.59655274694337,192.01160500623385,88.41505225929048
02,16,0.7664845089597631,impostor,103.59655274694337,171.2618262095801,67.66527346263673
02,17,0.6935764176450888,impostor,103.59655274694337,116.8074569407577,13.21090419381433
02,18,0.7549132324911846,impostor,103.59655274694337,148.78046950410234,45.18391675715897
02,19,0.6390581129238896,impostor,103.59655274694337,144.25578773527994,40.659234988336564
02,20,0.7494582290109919,impostor,103.59655274694337,172.96585110501127,69.3692983580679
02,21,0.6174054568129712,impostor,103.59655274694337,155.7674826053732,52.17092985842983
02,22,0.6244283902475513,impostor,103.59655274694337,138.64956111245172,35.05300836550835
02,23,0.6615915275217309,impostor,103.59655274694337,163.59818789213324,60.001635145189866
02,24,0.6771943080692048,impostor,103.59655274694337,205.6733945161679,102.07684176922452
02,25,0.706062901949208,impostor,103.59655274694337,183.71952986747914,80.12297712053577
02,26,0.7069486757459572,impostor,103.59655274694337,166.15842872727637,62.561875980333
03,01,0.8537762083242764,impostor,118.9286895712677,137.33700769687093,18.40831812560323
03,02,0.5948811930724914,impostor,118.9286895712677,173.83831669280892,54.90962712154122
03,03,0.930349846511486,genuine,118.9286895712677,146.75617358429858,27.827484013030883
03,04,0.6912507335688164,impostor,118.9286895712677,168.2737887859958,49.34509921472811
03,05,0.9420767856320069,impostor,118.9286895712677,155.65046917732465,36.721779606056955
03,06,0.6069979662646302,impostor,118.9286895712677,205.3580634903877,86.42937391912001
03,07,0.924779900595798,impostor,118.9286895712677,141.45686471907172,22.52817514780402
03,08,0.8547681034210657,impostor,118.9286895712677,168.53897075088486,49.61028117961716
03,09,0.6415609618360266,impostor,118.9286895712677,147.5887157386181,28.66002616735041
03,10,0.28367938225836115,impostor,118.9286895712677,145.35335600667628,26.424666435408582
03,11,0.8770507265091236,impostor,118.9286895712677,144.17764953848945,25.24895996722175
03,12,0.9431963426066421,impostor,118.9286895712677,153.76536106418922,34.836671492921525
03,13,0.8429804649220529,impostor,118.9286895712677,147.17490774814993,28.246218176882238
03,14,0.6038005880324161,impostor,118.9286895712677,200.581597641168,81.6529080699003
03,15,0.8474936586403499,impostor,118.9286895712677,192.01160500623385,73.08291543496615
03,16,0.381149448416829,impostor,118.9286895712677,171.2618262095801,52.33313663831241
03,17,0.7676696883103321,impostor,118.9286895712677,116.8074569407577,2.1212326305099936
03,18,0.6348521426196232,impostor,118.9286895712677,148.78046950410234,29.851779932834646
03,19,0.9822330990230813,impostor,118.9286895712677,144.25578773527994,25.32709816401224
03,20,0.6434998802814194,impostor,118.9286895712677,172.96585110501127,54.03716153374357
03,21,0.8696377311892851,impostor,118.9286895712677,155.7674826053732,36.83879303410551
03,22,0.8817427491808099,impostor,118.9286895712677,138.64956111245172,19.720871541184025
03,23,0.8693586295630485,impostor,118.9286895712677,163.59818789213324,44.66949832086554
03,24,0.81853893633888,impostor,118.9286895712677,205.6733945161679,86.74470494490019
03,25,0.7130377813232702,impostor,118.9286895712677,183.71952986747914,64.79084029621144
03,26,0.7284505406247536,impostor,118.9286895712677,166.15842872727637,47.22973915600868
04,01,0.9086141747850145,impostor,136.54378820785072,137.33700769687093,0.7932194890202027
04,02,0.6880733050745783,impostor,136.54378820785072,173.83831669280892,37.29452848495819
04,03,0.824972564453138,impostor,136.54378820785072,146.75617358429858,10.212385376447855
04,04,0.8057654496770095,genuine,136.54378820785072,168.2737887859958,31.73000057814508
04,05,0.8574461317642312,impostor,136.54378820785072,155.65046917732465,19.106680969473928
04,06,0.6619568712135879,impostor,136.54378820785072,205.3580634903877,68.81427528253698
04,07,0.8593577990517205,impostor,136.54378820785072,141.45686471907172,4.913076511220993
04,08,0.7879334057363082,impostor,136.54378820785072,168.53897075088486,31.995182543034133
04,09,0.7079184051656103,impostor,136.54378820785072,147.5887157386181,11.044927530767382
04,10,0.3077348180708659,impostor,136.54378820785072,145.35335600667628,8.809567798825555
04,11,0.7779234980665202,impostor,136.54378820785072,144.17764953848945,7.633861330638723
04,12,0.8580107869646464,impostor,136.54378820785072,153.76536106418922,17.221572856338497
04,13,0.7882105957372579,impostor,136.54378820785072,147.17490774814993,10.63111954029921
04,14,0.6925859372743529,impostor,136.54378820785072,200.581597641168,64.03780943331728
04,15,0.7735880763675396,impostor,136.54378820785072,192.01160500623385,55.467816798383126
04,16,0.43415485802183573,impostor,136.54378820785072,171.2618262095801,34.71803800172938
04,17,0.822129124628029,impostor,136.54378820785072,116.8074569407577,19.73633126709302
04,18,0.7241752811714626,impostor,136.54378820785072,148.78046950410234,12.236681296251618
04,19,0.814666426999052,impostor,136.54378820785072,144.25578773527994,7.711999527429214
04,20,0.7397128835302851,impostor,136.54378820785072,172.96585110501127,36.422062897160544
04,21,0.8206639487285767,impostor,136.54378820785072,155.7674826053732,19.22369439752248
04,22,0.8466926435248181,impostor,136.54378820785072,138.64956111245172,2.1057729046009968
04,23,0.889246065723006,impostor,136.54378820785072,163.59818789213324,27.054399684282515
04,24,0.8369794157569015,impostor,136.54378820785072,205.6733945161679,69.12960630831716
04,25,0.8422348710218583,impostor,136.54378820785072,183.71952986747914,47.175741659628414
04,26,0.8301638462536978,impostor,136.54378820785072,166.15842872727637,29.61464051942565
05,01,0.8778002797365889,impostor,136.03646021858916,137.33700769687093,1.3005474782817714
05,02,0.6065368678351913,impostor,136.03646021858916,173.83831669280892,37.80185647421976
05,03,0.9245130744163768,impostor,136.03646021858916,146.75617358429858,10.719713365709424
05,04,0.7070589008846355,impostor,136.03646021858916,168.2737887859958,32.23732856740665
05,05,0.9731142488920044,genuine,136.03646021858916,155.65046917732465,19.614008958735496
05,06,0.6136579552982606,impostor,136.03646021858916,205.3580634903877,69.32160327179855
05,07,0.9581300455663435,impostor,136.03646021858916,141.45686471907172,5.420404500482562
05,08,0.8585886889995438,impostor,136.03646021858916,168.53897075088486,32.5025105322957
05,09,0.6503218685120206,impostor,136.03646021858916,147.5887157386181,11.55225552002895
05,10,0.28566782080278413,impostor,136.03646021858916,145.35335600667628,9.316895788087123
05,11,0.8706983370647736,impostor,136.03646021858916,144.17764953848945,8.141189319900292
05,12,0.9841411696114325,impostor,136.03646021858916,153.76536106418922,17.728900845600066
05,13,0.8491526156043486,impostor,136.03646021858916,147.17490774814993,11.138447529560779
05,14,0.6150011477594282,impostor,136.03646021858916,200.581597641168,64.54513742257885
05,15,0.8472006990865437,impostor,136.03646021858916,192.01160500623385,55.975144787644695
05,16,0.3869677524789343,impostor,136.03646021858916,171.2618262095801,35.22536599099095
05,17,0.7792278472217923,impostor,136.03646021858916,116.8074569407577,19.229003277831453
05,18,0.6465298356392286,impostor,136.03646021858916,148.78046950410234,12.744009285513187
05,19,0.9492938219729865,impostor,136.03646021858916,144.25578773527994,8.219327516690782
05,20,0.6561650695244193,impostor,136.03646021858916,172.96585110501127,36.92939088642211
05,21,0.8833721816437358,impostor,136.03646021858916,155.7674826053732,19.731022386784048
05,22,0.9037905277152695,impostor,136.03646021858916,138.64956111245172,2.6131008938625655
05,23,0.8910934460518689,impostor,136.03646021858916,163.59818789213324,27.561727673544084
05,24,0.8286369088795538,impostor,136.03646021858916,205.6733945161679,69.63693429757873
05,25,0.7310433424424283,impostor,136.03646021858916,183.71952986747914,47.68306964888998
05,26,0.7440809005185973,impostor,136.03646021858916,166.15842872727637,30.121968508687218
06,01,0.7349447334839941,impostor,190.44897618042143,137.33700769687093,53.1119684835505
06,02,0.8736736723633723,impostor,190.44897618042143,173.83831669280892,16.61065948761251
06,03,0.7247493440071475,impostor,190.44897618042143,146.75617358429858,43.692802596122846
06,04,0.8080461306955568,impostor,190.44897618042143,168.2737887859958,22.17518739442562
06,05,0.7083037592866447,impostor,190.44897618042143,155.65046917732465,34.79850700309677
06,06,0.9722313761157045,genuine,190.44897618042143,205.3580634903877,14.909087309966282
06,07,0.6896495326609945,impostor,190.44897618042143,141.45686471907172,48.99211146134971
06,08,0.6515847813682265,impostor,190.44897618042143,168.53897075088486,21.910005429536568
06,09,0.9103212835501121,impostor,190.44897618042143,147.5887157386181,42.86026044180332
06,10,0.4506235799288455,impostor,190.44897618042143,145.35335600667628,45.09562017374515
06,11,0.6602243227561877,impostor,190.44897618042143,144.17764953848945,46.27132664193198
06,12,0.7020467126374751,impostor,190.44897618042143,153.76536106418922,36.683615116232204
06,13,0.64742803310067,impostor,190.44897618042143,147.17490774814993,43.27406843227149
06,14,0.888098656975505,impostor,190.44897618042143,200.581597641168,10.132621460746577
06,15,0.6487448770466501,impostor,190.44897618042143,192.01160500623385,1.5626288258124248
06,16,0.639336574611978,impostor,190.44897618042143,171.2618262095801,19.18714997084132
06,17,0.7975523166104638,impostor,190.44897618042143,116.8074569407577,73.64151923966372
06,18,0.8762155990371144,impostor,190.44897618042143,148.78046950410234,41.66850667631908
06,19,0.7067260132102962,impostor,190.44897618042143,144.25578773527994,46.19318844514149
06,20,0.8579455973530525,impostor,190.44897618042143,172.96585110501127,17.483125075410157
06,21,0.6605403676991495,impostor,190.44897618042143,155.7674826053732,34.68149357504822
06,22,0.6704474040371748,impostor,190.44897618042143,138.64956111245172,51.799415067969704
06,23,0.73481295268574,impostor,190.44897618042143,163.59818789213324,26.850788288288186
06,24,0.771102139983656,impostor,190.44897618042143,205.6733945161679,15.224418335746464
06,25,0.7825316279183953,impostor,190.44897618042143,183.71952986747914,6.729446312942287
06,26,0.8009545308633673,impostor,190.44897618042143,166.15842872727637,24.290547453145052
07,01,0.8602102608886917,impostor,124.38737481901543,137.33700769687093,12.949632877855493
07,02,0.5958888012884436,impostor,124.38737481901543,173.83831669280892,49.45094187379348
07,03,0.8627217167174196,impostor,124.38737481901543,146.75617358429858,22.368798765283145
07,04,0.6971140180031024,impostor,124.38737481901543,168.2737887859958,43.88641396698037
07,05,0.9178853433027024,impostor,124.38737481901543,155.65046917732465,31.263094358309218
07,06,0.5945227178339646,impostor,124.38737481901543,205.3580634903877,80.97068867137227
07,07,0.9692287000222652,genuine,124.38737481901543,141.45686471907172,17.069489900056283
07,08,0.8775425650431186,impostor,124.38737481901543,168.53897075088486,44.15159593186942
07,09,0.6318205841488154,impostor,124.38737481901543,147.5887157386181,23.20134091960267
07,10,0.27704971729697325,impostor,124.38737481901543,145.35335600667628,20.965981187660844
07,11,0.8674142830363206,impostor,124.38737481901543,144.17764953848945,19.790274719474013
07,12,0.9337449684165268,impostor,124.38737481901543,153.76536106418922,29.377986245173787
07,13,0.874244394459829,impostor,124.38737481901543,147.17490774814993,22.7875329291345
07,14,0.6029112963223078,impostor,124.38737481901543,200.581597641168,76.19422282215257
07,15,0.8586135087341596,impostor,124.38737481901543,192.01160500623385,67.62423018721842
07,16,0.3787362575885607,impostor,124.38737481901543,171.2618262095801,46.87445139056467
07,17,0.754150191658749,impostor,124.38737481901543,116.8074569407577,7.5799178782577314
07,18,0.6330998721451301,impostor,124.38737481901543,148.78046950410234,24.393094685086908
07,19,0.8815781280881905,impostor,124.38737481901543,144.25578773527994,19.868412916264504
07,20,0.6438817034164406,impostor,124.38737481901543,172.96585110501127,48.57847628599583
07,21,0.920446582758646,impostor,124.38737481901543,155.7674826053732,31.38010778635777
07,22,0.9559369062874633,impostor,124.38737481901543,138.64956111245172,14.262186293436287
07,23,0.8643828001397154,impostor,124.38737481901543,163.59818789213324,39.210813073117805
07,24,0.7955173137452605,impostor,124.38737481901543,205.6733945161679,81.28601969715245
07,25,0.7241375347294374,impostor,124.38737481901543,183.71952986747914,59.332155048463704
07,26,0.7299570584707118,impostor,124.38737481901543,166.15842872727637,41.77105390826094
08,01,0.7446102332006327,impostor,168.53897075088486,137.33700769687093,31.20196305401393
08,02,0.5141279392540224,impostor,168.53897075088486,173.83831669280892,5.299345941924059
08,03,0.7841306716965215,impostor,168.53897075088486,146.75617358429858,21.782797166586278
08,04,0.6005990377383328,impostor,168.53897075088486,168.2737887859958,0.2651819648890523
08,05,0.8182204385027074,impostor,168.53897075088486,155.65046917732465,12.888501573560205
08,06,0.5196042678488312,impostor,168.53897075088486,205.3580634903877,36.81909273950285
08,07,0.8588634259616995,impostor,168.53897075088486,141.45686471907172,27.08210603181314
08,08,1.0,genuine,168.53897075088486,168.53897075088486,0.0
08,09,0.5500015384953868,impostor,168.53897075088486,147.5887157386181,20.95025501226675
08,10,0.24479239966040775,impostor,168.53897075088486,145.35335600667628,23.18561474420858
08,11,0.9410530524927752,impostor,168.53897075088486,144.17764953848945,24.36132121239541
08,12,0.8323840406325401,impostor,168.53897075088486,153.76536106418922,14.773609686695636
08,13,0.9761447742915816,impostor,168.53897075088486,147.17490774814993,21.364063002734923
08,14,0.5209001722054462,impostor,168.53897075088486,200.581597641168,32.042626890283145
08,15,0.9675851939650365,impostor,168.53897075088486,192.01160500623385,23.472634255348993
08,16,0.32856065375258214,impostor,168.53897075088486,171.2618262095801,2.72285545869525
08,17,0.6575979714608465,impostor,168.53897075088486,116.8074569407577,51.731513810127154
08,18,0.5473531628345804,impostor,168.53897075088486,148.78046950410234,19.758501246782515
08,19,0.8235520210175086,impostor,168.53897075088486,144.25578773527994,24.28318301560492
08,20,0.555900047171304,impostor,168.53897075088486,172.96585110501127,4.426880354126411
08,21,0.93462517886319,impostor,168.53897075088486,155.7674826053732,12.771488145511654
08,22,0.8935023712848772,impostor,168.53897075088486,138.64956111245172,29.889409638433136
08,23,0.7526312208862563,impostor,168.53897075088486,163.59818789213324,4.940782858751618
08,24,0.6985060357444649,impostor,168.53897075088486,205.6733945161679,37.13442376528303
08,25,0.623245258978151,impostor,168.53897075088486,183.71952986747914,15.180559116594281
08,26,0.6303831920195381,impostor,168.53897075088486,166.15842872727637,2.380542023608484
09,01,0.7619791275117451,impostor,108.16436099883364,137.33700769687093,29.172646698037283
09,02,0.9368068754834102,impostor,108.16436099883364,173.83831669280892,65.67395569397527
09,03,0.7419839426353684,impostor,108.16436099883364,146.75617358429858,38.591812585464936
09,04,0.8573242457081179,impostor,108.16436099883364,168.2737887859958,60.10942778716216
09,05,0.7287765496621824,impostor,108.16436099883364,155.65046917732465,47.48610817849101
09,06,0.9242594334354833,impostor,108.16436099883364,205.3580634903877,97.19370249155406
09,07,0.7103600562514449,impostor,108.16436099883364,141.45686471907172,33.292503720238074
09,08,0.6682058822097122,impostor,108.16436099883364,168.53897075088486,60.374609752051214
09,09,0.9460409531870618,genuine,108.16436099883364,147.5887157386181,39.42435473978446
09,10,0.42458992307306953,impostor,108.16436099883364,145.35335600667628,37.188995007842635
09,11,0.6751180505706448,impostor,108.16436099883364,144.17764953848945,36.013288539655804
09,12,0.722525876122938,impostor,108.16436099883364,153.76536106418922,45.60100006535558
09,13,0.6644269052673424,impostor,108.16436099883364,147.17490774814993,39.01054674931629
09,14,0.9589221754712173,impostor,108.16436099883364,200.581597641168,92.41723664233436
09,15,0.6642270923488123,impostor,108.16436099883364,192.01160500623385,83.8472440074002
09,16,0.6151713492020825,impostor,108.16436099883364,171.2618262095801,63.09746521074646
09,17,0.8272379944301141,impostor,108.16436099883364,116.8074569407577,8.64309594192406
09,18,0.9443294274081845,impostor,108.16436099883364,148.78046950410234,40.6161085052687
09,19,0.7228016238445839,impostor,108.16436099883364,144.25578773527994,36.091426736446294
09,20,0.9217241679744803,impostor,108.16436099883364,172.96585110501127,64.80149010617762
09,21,0.6794224054177594,impostor,108.16436099883364,155.7674826053732,47.60312160653956
09,22,0.6908808424244341,impostor,108.16436099883364,138.64956111245172,30.485200113618077
09,23,0.7599589569307761,impostor,108.16436099883364,163.59818789213324,55.433826893299596
09,24,0.795157572161405,impostor,108.16436099883364,205.6733945161679,97.50903351733425
09,25,0.8265231691613905,impostor,108.16436099883364,183.71952986747914,75.5551688686455
09,26,0.8426738410778691,impostor,108.16436099883364,166.15842872727637,57.99406772844273
10,01,0.6121158915203666,impostor,136.92244937459782,137.33700769687093,0.41455832227310907
10,02,0.6902010722654979,impostor,136.92244937459782,173.83831669280892,36.9158673182111
10,03,0.6112916346245191,impostor,136.92244937459782,146.75617358429858,9.833724209700762
10,04,0.6474690812291114,impostor,136.92244937459782,168.2737887859958,31.351339411397987
10,05,0.6004984849455761,impostor,136.92244937459782,155.65046917732465,18.728019802726834
10,06,0.7183435303091946,impostor,136.92244937459782,205.3580634903877,68.43561411578989
10,07,0.5897692229685013,impostor,136.92244937459782,141.45686471907172,4.534415344473899
10,08,0.5699196818963886,impostor,136.92244937459782,168.53897075088486,31.61652137628704
10,09,0.6924023249891564,impostor,136.92244937459782,147.5887157386181,10.666266364020288
10,10,0.6566524456674664,genuine,136.92244937459782,145.35335600667628,8.430906632078461
10,11,0.5765728218877773,impostor,136.92244937459782,144.17764953848945,7.2552001638916295
10,12,0.5969871626966983,impostor,136.92244937459782,153.76536106418922,16.842911689591404
10,13,0.5670388386407854,impostor,136.92244937459782,147.17490774814993,10.252458373552116
10,14,0.6922382039568296,impostor,136.92244937459782,200.581597641168,63.659148266570185
10,15,0.5691299465972259,impostor,136.92244937459782,192.01160500623385,55.08915563163603
10,16,0.8342726466188225,impostor,136.92244937459782,171.2618262095801,34.33937683498229
10,17,0.6432627308965043,impostor,136.92244937459782,116.8074569407577,20.114992433840115
10,18,0.680483061722319,impostor,136.92244937459782,148.78046950410234,11.858020129504524
10,19,0.6022851370636223,impostor,136.92244937459782,144.25578773527994,7.33333836068212
10,20,0.6723583517423825,impostor,136.92244937459782,172.96585110501127,36.04340173041345
10,21,0.5736684808069579,impostor,136.92244937459782,155.7674826053732,18.845033230775385
10,22,0.5786200016371211,impostor,136.92244937459782,138.64956111245172,1.7271117378539032
10,23,0.6127627018787671,impostor,136.92244937459782,163.59818789213324,26.67573851753542
10,24,0.6319807002583903,impostor,136.92244937459782,205.6733945161679,68.75094514157007
10,25,0.6350161969260196,impostor,136.92244937459782,183.71952986747914,46.79708049288132
10,26,0.6432222949567113,impostor,136.92244937459782,166.15842872727637,29.235979352678555
11,01,0.7484430931282302,impostor,144.17764953848945,137.33700769687093,6.84064184161852
11,02,0.5166868780950883,impostor,144.17764953848945,173.83831669280892,29.66066715431947
11,03,0.8032040870704593,impostor,144.17764953848945,146.75617358429858,2.5785240458091323
11,04,0.6024828616981166,impostor,144.17764953848945,168.2737887859958,24.096139247506358
11,05,0.8287703319009485,impostor,144.17764953848945,155.65046917732465,11.472819638835205
11,06,0.5262408972788724,impostor,144.17764953848945,205.3580634903877,61.18041395189826
11,07,0.8600018077953716,impostor,144.17764953848945,141.45686471907172,2.72078481941773
11,08,0.9443294289930094,impostor,144.17764953848945,168.53897075088486,24.36132121239541
11,09,0.5559519821458433,impostor,144.17764953848945,147.5887157386181,3.4110662001286585
11,10,0.24831715974363514,impostor,144.17764953848945,145.35335600667628,1.1757064681868314
11,11,1.0,genuine,144.17764953848945,144.17764953848945,0.0
11,12,0.8410788652664886,impostor,144.17764953848945,153.76536106418922,9.587711525699774
11,13,0.9243170344216876,impostor,144.17764953848945,147.17490774814993,2.9972582096604867
11,14,0.5240711713034694,impostor,144.17764953848945,200.581597641168,56.403948102678555
11,15,0.9521340781345211,impostor,144.17764953848945,192.01160500623385,47.8339554677444
11,16,0.33107366014347456,impostor,144.17764953848945,171.2618262095801,27.08417667109066
11,17,0.6651043938474672,impostor,144.17764953848945,116.8074569407577,27.370192597731744
11,18,0.5509592059105232,impostor,144.17764953848945,148.78046950410234,4.602819965612895
11,19,0.8478849763249684,impostor,144.17764953848945,144.25578773527994,0.07813819679049061
11,20,0.5589499690181197,impostor,144.17764953848945,172.96585110501127,28.78820156652182
11,21,0.9056391232252302,impostor,144.17764953848945,155.7674826053732,11.589833066883756
11,22,0.8759285352917747,impostor,144.17764953848945,138.64956111245172,5.528088426037726
11,23,0.7589475099939954,impostor,144.17764953848945,163.59818789213324,19.420538353643792
11,24,0.7084991029736246,impostor,144.17764953848945,205.6733945161679,61.49574497767844
11,25,0.6239174528447761,impostor,144.17764953848945,183.71952986747914,39.54188032898969
11,26,0.6337640112653768,impostor,144.17764953848945,166.15842872727637,21.980779188786926
12,01,0.6634571193489611,impostor,115.75099730031373,137.33700769687093,21.5860103965572
12,02,0.45787737517380966,impostor,115.75099730031373,173.83831669280892,58.08731939249519
12,03,0.709276241041245,impostor,115.75099730031373,146.75617358429858,31.005176283984852
12,04,0.5343871937146027,impostor,115.75099730031373,168.2737887859958,52.52279148568208
12,05,0.7328010128834518,impostor,115.75099730031373,155.65046917732465,39.899471877010924
12,06,0.4661111135287418,impostor,115.75099730031373,205.3580634903877,89.60706619007398
12,07,0.765014545356817,impostor,115.75099730031373,141.45686471907172,25.70586741875799
12,08,0.8884565641773866,impostor,115.75099730031373,168.53897075088486,52.78797345057113
12,09,0.4921830153240287,impostor,115.75099730031373,147.5887157386181,31.83771843830438
12,10,0.22143365847448304,impostor,115.75099730031373,145.35335600667628,29.60235870636255
12,11,0.8804936509492164,impostor,115.75099730031373,144.17764953848945,28.42665223817572
12,12,0.7444093290283303,genuine,115.75099730031373,153.76536106418922,38.014363763875494
12,13,0.8874161838622894,impostor,115.75099730031373,147.17490774814993,31.423910447836207
12,14,0.4642690914739195,impostor,115.75099730031373,200.581597641168,84.83060034085428
12,15,0.9140197360716548,impostor,115.75099730031373,192.01160500623385,76.26060770592012
12,16,0.2936460671627319,impostor,115.75099730031373,171.2618262095801,55.51082890926638
12,17,0.5883440634586026,impostor,115.75099730031373,116.8074569407577,1.0564596404439754
12,18,0.4880014631266233,impostor,115.75099730031373,148.78046950410234,33.029472203788615
12,19,0.7484102840669629,impostor,115.75099730031373,144.25578773527994,28.50479043496621
12,20,0.4952312397588189,impostor,115.75099730031373,172.96585110501127,57.21485380469754
12,21,0.8320682040541996,impostor,115.75099730031373,155.7674826053732,40.016485305059476
12,22,0.7945576971343807,impostor,115.75099730031373,138.64956111245172,22.898563812137994
12,23,0.6718479672526169,impostor,115.75099730031373,163.59818789213324,47.84719059181951
12,24,0.6263646872566756,impostor,115.75099730031373,205.6733945161679,89.92239721585416
12,25,0.5541719141003095,impostor,115.75099730031373,183.71952986747914,67.96853256716541
12,26,0.5615528965160695,impostor,115.75099730031373,166.15842872727637,50.407431426962646
13,01,0.7529987248040668,impostor,70.61295384391087,137.33700769687093,66.72405385296005
13,02,0.5243796128787074,impostor,70.61295384391087,173.83831669280892,103.22536284889804
13,03,0.7701362368149527,impostor,70.61295384391087,146.75617358429858,76.1432197403877
13,04,0.6131234281629078,impostor,70.61295384391087,168.2737887859958,97.66083494208493
13,05,0.8124450490341991,impostor,70.61295384391087,155.65046917732465,85.03751533341378
13,06,0.523734970960905,impostor,70.61295384391087,205.3580634903877,134.74510964647683
13,07,0.8596245933484506,impostor,70.61295384391087,141.45686471907172,70.84391087516084
13,08,0.9328339749894685,impostor,70.61295384391087,168.53897075088486,97.92601690697398
13,09,0.55574569382076,impostor,70.61295384391087,147.5887157386181,76.97576189470723
13,10,0.2463904508127607,impostor,70.61295384391087,145.35335600667628,74.7404021627654
13,11,0.8802735707747887,impostor,70.61295384391087,144.17764953848945,73.56469569457857
13,12,0.8273877834821548,impostor,70.61295384391087,153.76536106418922,83.15240722027835
13,13,0.9517771248485711,genuine,70.61295384391087,147.17490774814993,76.56195390423906
13,14,0.5303527195105892,impostor,70.61295384391087,200.581597641168,129.96864379725713
13,15,0.9071393782347512,impostor,70.61295384391087,192.01160500623385,121.39865116232298
13,16,0.3343026480285525,impostor,70.61295384391087,171.2618262095801,100.64887236566923
13,17,0.662037089648127,impostor,70.61295384391087,116.8074569407577,46.19450309684683
13,18,0.5566122885992892,impostor,70.61295384391087,148.78046950410234,78.16751566019147
13,19,0.8008462308113672,impostor,70.61295384391087,144.25578773527994,73.64283389136907
13,20,0.5661340868273933,impostor,70.61295384391087,172.96585110501127,102.3528972611004
13,21,0.948541655223734,impostor,70.61295384391087,155.7674826053732,85.15452876146233
13,22,0.913433693110825,impostor,70.61295384391087,138.64956111245172,68.03660726854085
13,23,0.7571188262140821,impostor,70.61295384391087,163.59818789213324,92.98523404822237
13,24,0.6991098820412434,impostor,70.61295384391087,205.6733945161679,135.06044067225702
13,25,0.6377128226746885,impostor,70.61295384391087,183.71952986747914,113.10657602356827
13,26,0.640884033740772,impostor,70.61295384391087,166.15842872727637,95.5454748833655
14,01,0.8476568141510763,impostor,149.1900859425274,137.33700769687093,11.853078245656462
14,02,0.8339151467231819,impostor,149.1900859425274,173.83831669280892,24.648230750281527
14,03,0.8085742334433133,impostor,149.1900859425274,146.75617358429858,2.4339123582288096
14,04,0.9407263318678291,impostor,149.1900859425274,168.2737887859958,19.083702843468416
14,05,0.7972436927194544,impostor,149.1900859425274,155.65046917732465,6.460383234797263
14,06,0.8162796259561906,impostor,149.1900859425274,205.3580634903877,56.16797754786032
14,07,0.7744316054417054,impostor,149.1900859425274,141.45686471907172,7.733221223455672
14,08,0.7170541283212076,impostor,149.1900859425274,168.53897075088486,19.348884808357468
14,09,0.8761827326674317,impostor,149.1900859425274,147.5887157386181,1.6013702039092834
14,10,0.37013751239458037,impostor,149.1900859425274,145.35335600667628,3.8367299358511104
14,11,0.7232148341327568,impostor,149.1900859425274,144.17764953848945,5.012436404037942
14,12,0.7894291738352724,impostor,149.1900859425274,153.76536106418922,4.575275121661832
14,13,0.7129203845399874,impostor,149.1900859425274,147.17490774814993,2.015178194377455
14,14,0.8454319415837003,genuine,149.1900859425274,200.581597641168,51.39151169864061
14,15,0.7106961147764744,impostor,149.1900859425274,192.01160500623385,42.82151906370646
14,16,0.5250307829150208,impostor,149.1900859425274,171.2618262095801,22.071740267052718
14,17,0.929590033562388,impostor,149.1900859425274,116.8074569407577,32.382629001769686
14,18,0.8887548042855746,impostor,149.1900859425274,148.78046950410234,0.40961643842504714
14,19,0.7834306731124515,impostor,149.1900859425274,144.25578773527994,4.934298207247451
14,20,0.9020486623383889,impostor,149.1900859425274,172.96585110501127,23.77576516248388
14,21,0.7336292769761739,impostor,149.1900859425274,155.7674826053732,6.577396662845814
14,22,0.7495997745379449,impostor,149.1900859425274,138.64956111245172,10.540524830075668
14,23,0.8428567694231336,impostor,149.1900859425274,163.59818789213324,14.40810194960585
14,24,0.8834058737610693,impostor,149.1900859425274,205.6733945161679,56.4833085736405
14,25,0.9185631357700161,impostor,149.1900859425274,183.71952986747914,34.52944392495175
14,26,0.96452423832038,impostor,149.1900859425274,166.15842872727637,16.968342784748984
15,01,0.7640052365193123,impostor,128.44936517153317,137.33700769687093,8.887642525337753
15,02,0.5270554970280115,impostor,128.44936517153317,173.83831669280892,45.38895152127574
15,03,0.8093406519441516,impostor,128.44936517153317,146.75617358429858,18.306808412765406
15,04,0.6153615879168003,impostor,128.44936517153317,168.2737887859958,39.82442361446263
15,05,0.8424786692752949,impostor,128.44936517153317,155.65046917732465,27.20110400579148
15,06,0.5339112725222083,impostor,128.44936517153317,205.3580634903877,76.90869831885453
15,07,0.8810236540440712,impostor,128.44936517153317,141.45686471907172,13.007499547538544
15,08,0.9661456521041363,impostor,128.44936517153317,168.53897075088486,40.089605579351684
15,09,0.5649354060416285,impostor,128.44936517153317,147.5887157386181,19.139350567084932
15,10,0.25122480357968846,impostor,128.44936517153317,145.35335600667628,16.903990835143105
15,11,0.961025736293738,impostor,128.44936517153317,144.17764953848945,15.728284366956274
15,12,0.8565573756844254,impostor,128.44936517153317,153.76536106418922,25.315995892656048
15,13,0.9465867089090028,impostor,128.44936517153317,147.17490774814993,18.72554257661676
15,14,0.5342167998680499,impostor,128.44936517153317,200.581597641168,72.13223246963483
15,15,0.9519622511782952,genuine,128.44936517153317,192.01160500623385,63.56223983470068
15,16,0.3369483502865233,impostor,128.44936517153317,171.2618262095801,42.81246103804693
15,17,0.6758946547527269,impostor,128.44936517153317,116.8074569407577,11.64190823077547
15,18,0.5614792894484094,impostor,128.44936517153317,148.78046950410234,20.33110433256917
15,19,0.8511865763089419,impostor,128.44936517153317,144.25578773527994,15.806422563746764
15,20,0.5700359658722111,impostor,128.44936517153317,172.96585110501127,44.516485933478094
15,21,0.9386677780152151,impostor,128.44936517153317,155.7674826053732,27.31811743384003
15,22,0.905387526196863,impostor,128.44936517153317,138.64956111245172,10.200195940918547
15,23,0.7732384579517758,impostor,128.44936517153317,163.59818789213324,35.148822720600066
15,24,0.718715068961212,impostor,128.44936517153317,205.6733945161679,77.22402934463472
15,25,0.6380067454827899,impostor,128.44936517153317,183.71952986747914,55.270164695945965
15,26,0.6465154638844677,impostor,128.44936517153317,166.15842872727637,37.7090635557432
16,01,0.7475890219297648,impostor,142.2591390916586,137.33700769687093,4.9221313947876695
16,02,0.9582886758347953,impostor,142.2591390916586,173.83831669280892,31.57917760115032
16,03,0.7258838309242913,impostor,142.2591390916586,146.75617358429858,4.497034492639983
16,04,0.8428307943074631,impostor,142.2591390916586,168.2737887859958,26.01464969433721
16,05,0.7156439376545086,impostor,142.2591390916586,155.65046917732465,13.391330085666056
16,06,0.8902070875442267,impostor,142.2591390916586,205.3580634903877,63.09892439872911
16,07,0.6995722529463407,impostor,142.2591390916586,141.45686471907172,0.8022743725868793
16,08,0.6602597618185599,impostor,142.2591390916586,168.53897075088486,26.27983165922626
16,09,0.9003261362685033,impostor,142.2591390916586,147.5887157386181,5.329576646959509
16,10,0.43138195531318224,impostor,142.2591390916586,145.35335600667628,3.0942169150176824
16,11,0.6658021944961223,impostor,142.2591390916586,144.17764953848945,1.918510446830851
16,12,0.710167893872114,impostor,142.2591390916586,153.76536106418922,11.506221972530625
16,13,0.6570067751638953,impostor,142.2591390916586,147.17490774814993,4.915768656491338
16,14,0.960476864472513,impostor,142.2591390916586,200.581597641168,58.322458549509406
16,15,0.656235409156178,impostor,142.2591390916586,192.01160500623385,49.752465914575254
16,16,0.6377590298155357,genuine,142.2591390916586,171.2618262095801,29.00268711792151
16,17,0.8037479200974492,impostor,142.2591390916586,116.8074569407577,25.451682150900893
16,18,0.9197403214503531,impostor,142.2591390916586,148.78046950410234,6.521330412443746
16,19,0.7086187998121649,impostor,142.2591390916586,144.25578773527994,1.9966486436213415
16,20,0.9039382219227081,impostor,142.2591390916586,172.96585110501127,30.70671201335267
16,21,0.6712710070544764,impostor,142.2591390916586,155.7674826053732,13.508343513714607
16,22,0.6822044086105609,impostor,142.2591390916586,138.64956111245172,3.6095779792068754
16,23,0.744869170834693,impostor,142.2591390916586,163.59818789213324,21.339048800474643
16,24,0.7744178169002545,impostor,142.2591390916586,205.6733945161679,63.41425542450929
16,25,0.8143633128070672,impostor,142.2591390916586,183.71952986747914,41.46039077582054
16,26,0.823555138341675,impostor,142.2591390916586,166.15842872727637,23.899289635617777
17,01,0.820616313039929,impostor,94.75563502956085,137.33700769687093,42.58137266731008
17,02,0.8710250665889213,impostor,94.75563502956085,173.83831669280892,79.08268166324807
17,03,0.7883202907120955,impostor,94.75563502956085,146.75617358429858,52.00053855473773
17,04,0.9317973377457252,impostor,94.75563502956085,168.2737887859958,73.51815375643496
17,05,0.7759844882122522,impostor,94.75563502956085,155.65046917732465,60.8948341477638
17,06,0.8497810933521162,impostor,94.75563502956085,205.3580634903877,110.60242846082686
17,07,0.7545313719421993,impostor,94.75563502956085,141.45686471907172,46.70122968951087
17,08,0.7020845411827666,impostor,94.75563502956085,168.53897075088486,73.78333572132401
17,09,0.9133252775600479,impostor,94.75563502956085,147.5887157386181,52.833080709057256
17,10,0.38459848002630076,impostor,94.75563502956085,145.35335600667628,50.59772097711543
17,11,0.7085226353553071,impostor,94.75563502956085,144.17764953848945,49.4220145089286
17,12,0.7686460097801008,impostor,94.75563502956085,153.76536106418922,59.00972603462837
17,13,0.6980631001399822,impostor,94.75563502956085,147.17490774814993,52.419272718589085
17,14,0.8846450869525287,impostor,94.75563502956085,200.581597641168,105.82596261160715
17,15,0.6964961171292513,impostor,94.75563502956085,192.01160500623385,97.255969976673
17,16,0.5488314237349697,impostor,94.75563502956085,171.2618262095801,76.50619118001926
17,17,0.8995039140929878,genuine,94.75563502956085,116.8074569407577,22.051821911196853
17,18,0.9301945270914949,impostor,94.75563502956085,148.78046950410234,54.02483447454149
17,19,0.7649333794470448,impostor,94.75563502956085,144.25578773527994,49.50015270571909
17,20,0.9397999584006173,impostor,94.75563502956085,172.96585110501127,78.21021607545042
17,21,0.7169341162043107,impostor,94.75563502956085,155.7674826053732,61.011847575812354
17,22,0.7314499041651451,impostor,94.75563502956085,138.64956111245172,43.89392608289087
17,23,0.8168081402006565,impostor,94.75563502956085,163.59818789213324,68.84255286257239
17,24,0.8567797033912085,impostor,94.75563502956085,205.6733945161679,110.91775948660704
17,25,0.8968742589465417,impostor,94.75563502956085,183.71952986747914,88.96389483791829
17,26,0.9270328326789113,impostor,94.75563502956085,166.15842872727637,71.40279369771552
18,01,0.785900214543566,impostor,148.78046950410234,137.33700769687093,11.443461807231415
18,02,0.9348371775604356,impostor,148.78046950410234,173.83831669280892,25.057847188706575
18,03,0.7578953459617018,impostor,148.78046950410234,146.75617358429858,2.0242959198037624
18,04,0.8988974713926335,impostor,148.78046950410234,168.2737887859958,19.493319281893463
18,05,0.7471345634722556,impostor,148.78046950410234,155.65046917732465,6.86999967322231
18,06,0.879458861516479,impostor,148.78046950410234,205.3580634903877,56.577593986285365
18,07,0.7286671470994796,impostor,148.78046950410234,141.45686471907172,7.323604785030625
18,08,0.6826285715239283,impostor,148.78046950410234,168.53897075088486,19.758501246782515
18,09,0.9328203227710844,impostor,148.78046950410234,147.5887157386181,1.1917537654842363
18,10,0.40417324469032156,impostor,148.78046950410234,145.35335600667628,3.4271134974260633
18,11,0.6883358382623538,impostor,148.78046950410234,144.17764953848945,4.602819965612895
18,12,0.7408163724075459,impostor,148.78046950410234,153.76536106418922,4.984891560086879
18,13,0.6790801210982265,impostor,148.78046950410234,147.17490774814993,1.605561755952408
18,14,0.95100903631802,impostor,148.78046950410234,200.581597641168,51.80112813706566
18,15,0.677696416065711,impostor,148.78046950410234,192.01160500623385,43.23113550213151
18,16,0.5863134944709679,impostor,148.78046950410234,171.2618262095801,22.481356705477765
18,17,0.8521982390587223,impostor,148.78046950410234,116.8074569407577,31.97301256334464
18,18,1.0,genuine,148.78046950410234,148.78046950410234,0.0
18,19,0.7376579213631019,impostor,148.78046950410234,144.25578773527994,4.524681768822404
18,20,0.9732207697617077,impostor,148.78046950410234,172.96585110501127,24.185381600908926
18,21,0.6958020268214178,impostor,148.78046950410234,155.7674826053732,6.987013101270861
18,22,0.7086622189231919,impostor,148.78046950410234,138.64956111245172,10.130908391650621
18,23,0.782319892183811,impostor,148.78046950410234,163.59818789213324,14.817718388030897
18,24,0.8162810665415587,impostor,148.78046950410234,205.6733945161679,56.89292501206555
18,25,0.8637203652921835,impostor,148.78046950410234,183.71952986747914,34.9390603633768
18,26,0.8784936219668708,impostor,148.78046950410234,166.15842872727637,17.37795922317403
19,01,0.8717297083311243,impostor,112.3700933075933,137.33700769687093,24.966914389277633
19,02,0.601435598345451,impostor,112.3700933075933,173.83831669280892,61.46822338521562
19,03,0.9107839479483606,impostor,112.3700933075933,146.75617358429858,34.386080276705286
19,04,0.7017280983458555,impostor,112.3700933075933,168.2737887859958,55.90369547840251
19,05,0.9623363997452647,impostor,112.3700933075933,155.65046917732465,43.28037586973136
19,06,0.6072728522976691,impostor,112.3700933075933,205.3580634903877,92.98797018279441
19,07,0.9713268214380208,impostor,112.3700933075933,141.45686471907172,29.086771411478423
19,08,0.8668011180458091,impostor,112.3700933075933,168.53897075088486,56.168877443291564
19,09,0.6438229480847824,impostor,112.3700933075933,147.5887157386181,35.21862243102481
19,10,0.2828131970997282,impostor,112.3700933075933,145.35335600667628,32.983262699082985
19,11,0.8760696183499262,impostor,112.3700933075933,144.17764953848945,31.807556230896154
19,12,0.979360477717789,impostor,112.3700933075933,153.76536106418922,41.39526775659593
19,13,0.8577555587459988,impostor,112.3700933075933,147.17490774814993,34.80481444055664
19,14,0.6096332766857401,impostor,112.3700933075933,200.581597641168,88.21150433357471
19,15,0.8540785629392025,impostor,112.3700933075933,192.01160500623385,79.64151169864056
19,16,0.38345046452205744,impostor,112.3700933075933,171.2618262095801,58.89173290198681
19,17,0.7712560916501185,impostor,112.3700933075933,116.8074569407577,4.437363633164409
19,18,0.6408128519204819,impostor,112.3700933075933,148.78046950410234,36.41037619650905
19,19,0.9370089914362876,genuine,112.3700933075933,144.25578773527994,31.885694427686644
19,20,0.6505926518782524,impostor,112.3700933075933,172.96585110501127,60.595757797417974
19,21,0.8940478153837421,impostor,112.3700933075933,155.7674826053732,43.39738929777991
19,22,0.9155379140337293,impostor,112.3700933075933,138.64956111245172,26.279467804858427
19,23,0.8834570278037018,impostor,112.3700933075933,163.59818789213324,51.228094584539946
19,24,0.819335716471336,impostor,112.3700933075933,205.6733945161679,93.3033012085746
19,25,0.7262226130198902,impostor,112.3700933075933,183.71952986747914,71.34943655988585
19,26,0.7379635306422205,impostor,112.3700933075933,166.15842872727637,53.78833541968308
20,01,0.8453675289934585,impostor,168.77380763855382,137.33700769687093,31.436799941682892
20,02,0.8339336338450254,impostor,168.77380763855382,173.83831669280892,5.0645090542550975
20,03,0.7903032667040726,impostor,168.77380763855382,146.75617358429858,22.01763405425524
20,04,0.9791022928673451,impostor,168.77380763855382,168.2737887859958,0.5000188525580143
20,05,0.7908823227769521,impostor,168.77380763855382,155.65046917732465,13.123338461229167
20,06,0.7794222481863708,impostor,168.77380763855382,205.3580634903877,36.58425585183389
20,07,0.7750372208236105,impostor,168.77380763855382,141.45686471907172,27.316942919482102
20,08,0.7190923715622352,impostor,168.77380763855382,168.53897075088486,0.23483688766896194
20,09,0.8356663882341517,impostor,168.77380763855382,147.5887157386181,21.185091899935713
20,10,0.36072442328509063,impostor,168.77380763855382,145.35335600667628,23.42045163187754
20,11,0.7201279284311088,impostor,168.77380763855382,144.17764953848945,24.596158100064372
20,12,0.7853402895366765,impostor,168.77380763855382,153.76536106418922,15.008446574364598
20,13,0.7166356360314767,impostor,168.77380763855382,147.17490774814993,21.598899890403885
20,14,0.8375110540843809,impostor,168.77380763855382,200.581597641168,31.807790002614183
20,15,0.7111647983004348,impostor,168.77380763855382,192.01160500623385,23.23779736768003
20,16,0.5207040054421695,impostor,168.77380763855382,171.2618262095801,2.488018571026288
20,17,0.8839349218100369,impostor,168.77380763855382,116.8074569407577,51.966350697796116
20,18,0.8730177863750268,impostor,168.77380763855382,148.78046950410234,19.993338134451477
20,19,0.769707965331847,impostor,168.77380763855382,144.25578773527994,24.51801990327388
20,20,0.8949725660991641,genuine,168.77380763855382,172.96585110501127,4.192043466457449
20,21,0.7383410763248149,impostor,168.77380763855382,155.7674826053732,13.006325033180616
20,22,0.75532394536457,impostor,168.77380763855382,138.64956111245172,30.124246526102098
20,23,0.8354141855794827,impostor,168.77380763855382,163.59818789213324,5.17561974642058
20,24,0.8518500309431382,impostor,168.77380763855382,205.6733945161679,36.89958687761407
20,25,0.9720890862341048,impostor,168.77380763855382,183.71952986747914,14.94572222892532
20,26,0.948348644649221,impostor,168.77380763855382,166.15842872727637,2.615378911277446
21,01,0.7734646634673121,impostor,121.75848867841057,137.33700769687093,15.578519018460355
21,02,0.5335749433326736,impostor,121.75848867841057,173.83831669280892,52.079828014398345
21,03,0.8226104737307397,impostor,121.75848867841057,146.75617358429858,24.997684905888008
21,04,0.622694121362281,impostor,121.75848867841057,168.2737887859958,46.51530010758523
21,05,0.8545476962946769,impostor,121.75848867841057,155.65046917732465,33.89198049891408
21,06,0.5412984993917734,impostor,121.75848867841057,205.3580634903877,83.59957481197713
21,07,0.8907160752655732,impostor,121.75848867841057,141.45686471907172,19.698376040661145
21,08,0.9493937554682425,impostor,121.75848867841057,168.53897075088486,46.780482072474285
21,09,0.5725931948193272,impostor,121.75848867841057,147.5887157386181,25.830227060207534
21,10,0.254573943108079,impostor,121.75848867841057,145.35335600667628,23.594867328265707
21,11,0.9636166676787343,impostor,121.75848867841057,144.17764953848945,22.419160860078875
21,12,0.8683298822839595,impostor,121.75848867841057,153.76536106418922,32.00687238577865
21,13,0.9309552464221958,impostor,121.75848867841057,147.17490774814993,25.416419069739362
21,14,0.5409551967553622,impostor,121.75848867841057,200.581597641168,78.82310896275743
21,15,0.9391426530082838,impostor,121.75848867841057,192.01160500623385,70.25311632782328
21,16,0.3412422907157137,impostor,121.75848867841057,171.2618262095801,49.503337531169535
21,17,0.6852200685541034,impostor,121.75848867841057,116.8074569407577,4.951031737652869
21,18,0.5686266807518047,impostor,121.75848867841057,148.78046950410234,27.02198082569177
21,19,0.865960283338982,impostor,121.75848867841057,144.25578773527994,22.497299056869366
21,20,0.5771557650463073,impostor,121.75848867841057,172.96585110501127,51.207362426600696
21,21,0.9334952291789602,genuine,121.75848867841057,155.7674826053732,34.00899392696263
21,22,0.907168583872061,impostor,121.75848867841057,138.64956111245172,16.89107243404115
21,23,0.7834442474381432,impostor,121.75848867841057,163.59818789213324,41.83969921372267
21,24,0.7290763052873738,impostor,121.75848867841057,205.6733945161679,83.91490583775732
21,25,0.6452445071307364,impostor,121.75848867841057,183.71952986747914,61.96104118906857
21,26,0.6545744110146374,impostor,121.75848867841057,166.15842872727637,44.3999400488658
22,01,0.8083156938977353,impostor,103.13601932010137,137.33700769687093,34.20098837676956
22,02,0.5575344065709914,impostor,103.13601932010137,173.83831669280892,70.70229737270755
22,03,0.8486367244702069,impostor,103.13601932010137,146.75617358429858,43.62015426419721
22,04,0.6511266460915031,impostor,103.13601932010137,168.2737887859958,65.13776946589444
22,05,0.8893147530920693,impostor,103.13601932010137,155.65046917732465,52.51444985722328
22,06,0.563053230117354,impostor,103.13601932010137,205.3580634903877,102.22204417028634
22,07,0.9322210046134355,impostor,103.13601932010137,141.45686471907172,38.32084539897035
22,08,0.9242584966495834,impostor,103.13601932010137,168.53897075088486,65.40295143078349
22,09,0.596476453426948,impostor,103.13601932010137,147.5887157386181,44.45269641851674
22,10,0.2637689948995879,impostor,103.13601932010137,145.35335600667628,42.21733668657491
22,11,0.9246474595495263,impostor,103.13601932010137,144.17764953848945,41.04163021838808
22,12,0.9049986908818132,impostor,103.13601932010137,153.76536106418922,50.62934174408785
22,13,0.9129521682843951,impostor,103.13601932010137,147.17490774814993,44.038888428048566
22,14,0.5649665835357408,impostor,103.13601932010137,200.581597641168,97.44557832106663
22,15,0.9069804046264633,impostor,103.13601932010137,192.01160500623385,88.87558568613248
22,16,0.3558270918344434,impostor,103.13601932010137,171.2618262095801,68.12580688947874
22,17,0.7138237988498431,impostor,103.13601932010137,116.8074569407577,13.671437620656334
22,18,0.5937518165183289,impostor,103.13601932010137,148.78046950410234,45.64445018400097
22,19,0.8876451166293753,impostor,103.13601932010137,144.25578773527994,41.11976841517857
22,20,0.6029709527694749,impostor,103.13601932010137,172.96585110501127,69.8298317849099
22,21,0.9468685650819738,impostor,103.13601932010137,155.7674826053732,52.631463285271835
22,22,0.9409865137753465,genuine,103.13601932010137,138.64956111245172,35.51354179235035
22,23,0.8175963017347138,impostor,103.13601932010137,163.59818789213324,60.46216857203187
22,24,0.7582183367967258,impostor,103.13601932010137,205.6733945161679,102.53737519606652
22,25,0.6750432526898932,impostor,103.13601932010137,183.71952986747914,80.58351054737777
22,26,0.6839434309257251,impostor,103.13601932010137,166.15842872727637,63.022409407175005
23,01,0.9808482477731941,impostor,106.2234926751528,137.33700769687093,31.11351502171813
23,02,0.6921929849343919,impostor,106.2234926751528,173.83831669280892,67.61482401765612
23,03,0.9079147727835757,impostor,106.2234926751528,146.75617358429858,40.53268090914578
23,04,0.8068601383918236,impostor,106.2234926751528,168.2737887859958,62.05029611084301
23,05,0.9090638312660937,impostor,106.2234926751528,155.65046917732465,49.426976502171854
23,06,0.6919738490246664,impostor,106.2234926751528,205.3580634903877,99.13457081523491
23,07,0.8759591608531245,impostor,106.2234926751528,141.45686471907172,35.23337204391892
23,08,0.7907124291871829,impostor,106.2234926751528,168.53897075088486,62.31547807573206
23,09,0.7367588549944061,impostor,106.2234926751528,147.5887157386181,41.36522306346531
23,10,0.3181344287767033,impostor,106.2234926751528,145.35335600667628,39.12986333152348
23,11,0.7973675913592165,impostor,106.2234926751528,144.17764953848945,37.95415686333665
23,12,0.8981120643216983,impostor,106.2234926751528,153.76536106418922,47.54186838903642
23,13,0.7850729171810893,impostor,106.2234926751528,147.17490774814993,40.951415072997136
23,14,0.7013234659236628,impostor,106.2234926751528,200.581597641168,94.3581049660152
23,15,0.7808920913923096,impostor,106.2234926751528,192.01160500623385,85.78811233108105
23,16,0.43901718023403186,impostor,106.2234926751528,171.2618262095801,65.03833353442731
23,17,0.8824361679934972,impostor,106.2234926751528,116.8074569407577,10.583964265604905
23,18,0.7371285541221138,impostor,106.2234926751528,148.78046950410234,42.556976828949544
23,19,0.8781691726191562,impostor,106.2234926751528,144.25578773527994,38.03229506012714
23,20,0.7488031167660846,impostor,106.2234926751528,172.96585110501127,66.74235842985847
23,21,0.81498568252129,impostor,106.2234926751528,155.7674826053732,49.543989930220405
23,22,0.8378017271180248,impostor,106.2234926751528,138.64956111245172,32.42606843729892
23,23,0.983238896657515,genuine,106.2234926751528,163.59818789213324,57.37469521698044
23,24,0.9263222255612154,impostor,106.2234926751528,205.6733945161679,99.44990184101509
23,25,0.831648762291962,impostor,106.2234926751528,183.71952986747914,77.49603719232634
23,26,0.8494802348249614,impostor,106.2234926751528,166.15842872727637,59.934936052123575
24,01,0.958653242540314,impostor,149.9487530918195,137.33700769687093,12.61174539494857
24,02,0.6881735448891568,impostor,149.9487530918195,173.83831669280892,23.88956360098942
24,03,0.9239984282855388,impostor,149.9487530918195,146.75617358429858,3.192579507520918
24,04,0.7993495601777068,impostor,149.9487530918195,168.2737887859958,18.325035694176307
24,05,0.9119244626140365,impostor,149.9487530918195,155.65046917732465,5.701716085505154
24,06,0.6935056211630973,impostor,149.9487530918195,205.3580634903877,55.40931039856821
24,07,0.8733525424757647,impostor,149.9487530918195,141.45686471907172,8.49188837274778
24,08,0.7894650654065476,impostor,149.9487530918195,168.53897075088486,18.59021765906536
24,09,0.7369893063322408,impostor,149.9487530918195,147.5887157386181,2.360037353201392
24,10,0.31896175805478105,impostor,149.9487530918195,145.35335600667628,4.595397085143219
24,11,0.7991971367784527,impostor,149.9487530918195,144.17764953848945,5.77110355333005
24,12,0.8989211476323697,impostor,149.9487530918195,153.76536106418922,3.8166079723697237
24,13,0.7829152126486234,impostor,149.9487530918195,147.17490774814993,2.7738453436695636
24,14,0.6979961525607011,impostor,149.9487530918195,200.581597641168,50.632844549348505
24,15,0.7806876464901203,impostor,149.9487530918195,192.01160500623385,42.06285191441435
24,16,0.4378302672301648,impostor,149.9487530918195,171.2618262095801,21.31307311776061
24,17,0.8844860933950053,impostor,149.9487530918195,116.8074569407577,33.141296151061795
24,18,0.7338631402568981,impostor,149.9487530918195,148.78046950410234,1.1682835877171556
24,19,0.8884415403054304,impostor,149.9487530918195,144.25578773527994,5.69296535653956
24,20,0.7445069655153302,impostor,149.9487530918195,172.96585110501127,23.01709801319177
24,21,0.8115856615732191,impostor,149.9487530918195,155.7674826053732,5.818729513553706
24,22,0.8329624310117865,impostor,149.9487530918195,138.64956111245172,11.299191979367777
24,23,0.9743731540140238,impostor,149.9487530918195,163.59818789213324,13.649434800313742
24,24,0.9374088155473964,genuine,149.9487530918195,205.6733945161679,55.72464142434839
24,25,0.8213846134099534,impostor,149.9487530918195,183.71952986747914,33.77077677565964
24,26,0.8430683187720784,impostor,149.9487530918195,166.15842872727637,16.209675635456875
25,01,0.9587970420922672,impostor,71.08810240206725,137.33700769687093,66.24890529480368
25,02,0.6683140372224201,impostor,71.08810240206725,173.83831669280892,102.75021429074167
25,03,0.885044041911905,impostor,71.08810240206725,146.75617358429858,75.66807118223133
25,04,0.7824122053320969,impostor,71.08810240206725,168.2737887859958,97.18568638392856
25,05,0.9167822884235381,impostor,71.08810240206725,155.65046917732465,84.5623667752574
25,06,0.660757633459725,impostor,71.08810240206725,205.3580634903877,134.26996108832046
25,07,0.9021413481615038,impostor,71.08810240206725,141.45686471907172,70.36876231700447
25,08,0.8108274502866962,impostor,71.08810240206725,168.53897075088486,97.45086834881761
25,09,0.7044160733501936,impostor,71.08810240206725,147.5887157386181,76.50061333655086
25,10,0.30526291287144686,impostor,71.08810240206725,145.35335600667628,74.26525360460903
25,11,0.8099912728394255,impostor,71.08810240206725,144.17764953848945,73.0895471364222
25,12,0.9131376237109972,impostor,71.08810240206725,153.76536106418922,82.67725866212197
25,13,0.8071084558949153,impostor,71.08810240206725,147.17490774814993,76.08680534608268
25,14,0.6757572493009631,impostor,71.08810240206725,200.581597641168,129.49349523910075
25,15,0.797768593560026,impostor,71.08810240206725,192.01160500623385,120.9235026041666
25,16,0.4229250114038863,impostor,71.08810240206725,171.2618262095801,100.17372380751286
25,17,0.8381065121189312,impostor,71.08810240206725,116.8074569407577,45.71935453869045
25,18,0.7094105090726899,impostor,71.08810240206725,148.78046950410234,77.69236710203509
25,19,0.870841547347069,impostor,71.08810240206725,144.25578773527994,73.16768533321269
25,20,0.7220860511300106,impostor,71.08810240206725,172.96585110501127,101.87774870294402
25,21,0.8417650632245556,impostor,71.08810240206725,155.7674826053732,84.67938020330595
25,22,0.8690863535410469,impostor,71.08810240206725,138.64956111245172,67.56145871038447
25,23,0.9479576801868367,impostor,71.08810240206725,163.59818789213324,92.51008549006599
25,24,0.8737709400886485,impostor,71.08810240206725,205.6733945161679,134.58529211410064
25,25,0.8120451052499484,genuine,71.08810240206725,183.71952986747914,112.63142746541189
25,26,0.8188003438205672,impostor,71.08810240206725,166.15842872727637,95.07032632520912
26,01,0.9089864369273066,impostor,112.24261231097171,137.33700769687093,25.09439538589922
26,02,0.7650224707575831,impostor,112.24261231097171,173.83831669280892,61.59570438183721
26,03,0.8456592772989575,impostor,112.24261231097171,146.75617358429858,34.51356127332687
26,04,0.892971977401267,impostor,112.24261231097171,168.2737887859958,56.0311764750241
26,05,0.842430281826342,impostor,112.24261231097171,155.65046917732465,43.407856866352944
26,06,0.7493198117734543,impostor,112.24261231097171,205.3580634903877,93.115451179416
26,07,0.8187574453652013,impostor,112.24261231097171,141.45686471907172,29.21425240810001
26,08,0.7500436511569731,impostor,112.24261231097171,168.53897075088486,56.29635843991315
26,09,0.8020916273681098,impostor,112.24261231097171,147.5887157386181,35.3461034276464
26,10,0.3424746098979549,impostor,112.24261231097171,145.35335600667628,33.11074369570457
26,11,0.7542088169900331,impostor,112.24261231097171,144.17764953848945,31.93503722751774
26,12,0.8343543637020792,impostor,112.24261231097171,153.76536106418922,41.52274875321751
26,13,0.7460369215995006,impostor,112.24261231097171,147.17490774814993,34.932295437178226
26,14,0.7737570955673886,impostor,112.24261231097171,200.581597641168,88.3389853301963
26,15,0.7415126764041425,impostor,112.24261231097171,192.01160500623385,79.76899269526214
26,16,0.4817464619655547,impostor,112.24261231097171,171.2618262095801,59.0192138986084
26,17,0.9341403674557074,impostor,112.24261231097171,116.8074569407577,4.564844629785995
26,18,0.8125414399580786,impostor,112.24261231097171,148.78046950410234,36.537857193130634
26,19,0.8191226823930594,impostor,112.24261231097171,144.25578773527994,32.01317542430823
26,20,0.8272164905033207,impostor,112.24261231097171,172.96585110501127,60.72323879403956
26,21,0.7712935856359715,impostor,112.24261231097171,155.7674826053732,43.524870294401495
26,22,0.7909506391979012,impostor,112.24261231097171,138.64956111245172,26.406948801480013
26,23,0.8992029090169307,impostor,112.24261231097171,163.59818789213324,51.35557558116153
26,24,0.9185855562410503,impostor,112.24261231097171,205.6733945161679,93.43078220519618
26,25,0.9146206306002324,impostor,112.24261231097171,183.71952986747914,71.47691755650743
26,26,0.9392357836771742,genuine,112.24261231097171,166.15842872727637,53.915816416304665
